member_casual,total_trips,avg_duration
casual,2145777,21.10897879882206
member,3707559,12.228355511897
